{
  "hash": "c1b8a249",
  "configHash": "a9455ddc",
  "lockfileHash": "512095a9",
  "browserHash": "41bdff80",
  "optimized": {
    "@angular/common": {
      "src": "../../../../../../node_modules/@angular/common/fesm2022/common.mjs",
      "file": "@angular_common.js",
      "fileHash": "f4d19ec7",
      "needsInterop": false
    },
    "@angular/common/http": {
      "src": "../../../../../../node_modules/@angular/common/fesm2022/http.mjs",
      "file": "@angular_common_http.js",
      "fileHash": "40ac0d65",
      "needsInterop": false
    },
    "@angular/core": {
      "src": "../../../../../../node_modules/@angular/core/fesm2022/core.mjs",
      "file": "@angular_core.js",
      "fileHash": "cf473f7a",
      "needsInterop": false
    },
    "@angular/forms": {
      "src": "../../../../../../node_modules/@angular/forms/fesm2022/forms.mjs",
      "file": "@angular_forms.js",
      "fileHash": "684fc9d5",
      "needsInterop": false
    },
    "@angular/platform-browser": {
      "src": "../../../../../../node_modules/@angular/platform-browser/fesm2022/platform-browser.mjs",
      "file": "@angular_platform-browser.js",
      "fileHash": "b99624f7",
      "needsInterop": false
    },
    "@angular/router": {
      "src": "../../../../../../node_modules/@angular/router/fesm2022/router.mjs",
      "file": "@angular_router.js",
      "fileHash": "66c7a41e",
      "needsInterop": false
    },
    "zone.js": {
      "src": "../../../../../../node_modules/zone.js/fesm2015/zone.js",
      "file": "zone__js.js",
      "fileHash": "904bde64",
      "needsInterop": true
    }
  },
  "chunks": {
    "chunk-PEI2SYUY": {
      "file": "chunk-PEI2SYUY.js"
    },
    "chunk-O3JYPXNK": {
      "file": "chunk-O3JYPXNK.js"
    },
    "chunk-N3NWA2QB": {
      "file": "chunk-N3NWA2QB.js"
    },
    "chunk-BV6YITCM": {
      "file": "chunk-BV6YITCM.js"
    },
    "chunk-SGR35JJP": {
      "file": "chunk-SGR35JJP.js"
    },
    "chunk-WDMUDEB6": {
      "file": "chunk-WDMUDEB6.js"
    }
  }
}